source_page,broken_url,page_title,site_domain,competitor_tools,our_replacement,subject,body,contact_email
https://impressivemagazine.com/best-youtube-seo-tools-2026/,Competitor tools page (12 Best YouTube SEO Tools for Creators in 2026),12 Best YouTube SEO Tools for Creators in 2026,impressivemagazine.com,"tubebuddy.com, socialblade.com, vidiq.com",https://yt-seo-architect.vercel.app/tools,"Free alternative to TubeBuddy, Social Blade, vidIQ for your readers","Hi there,

I just came across your excellent resource at https://impressivemagazine.com/best-youtube-seo-tools-2026/ — great collection of tools for YouTube creators.

I noticed you're listing TubeBuddy, Social Blade, vidIQ as recommendations for your readers. Love those tools, but I wanted to suggest a free alternative that many creators don't know about yet:

YT SEO Architect (https://yt-seo-architect.vercel.app) is a completely free platform with 17+ YouTube SEO tools:

• AI Title Optimizer — scores titles before you publish
• Tag Generator with relevance scoring
• SEO Description Writer with timestamp formatting
• Full Channel Metadata Audit
• Bulk Tag/Title/Description Updater
• Keyword Research Tool with search volume data

The best part: it's 100% free with no limits, no credits, no paid tier. Just useful tools for any creator.

Your audience would love having a free option alongside the premium tools you already recommend. Here's the tool page: https://yt-seo-architect.vercel.app/tools

Happy to provide more details or screenshots if helpful.

Best,
THIZA
Founder, YT SEO Architect
https://yt-seo-architect.vercel.app",
