type,reddit_user,subreddit,pain,thread_url,engagement,status,notes
post_author,Ok_Possible7370,NewTubers,I’ve been testing different AI tools for YouTube SEO lately and I’m curious what other creators think.  Do AI tools actually help with:  * Better titles * Keyword research * Descriptions * Tags * Audi,https://www.reddit.com/r/NewTubers/comments/1t7342p/do_ai_tools_actually_help_with_youtube_seo/,1u/2c,new,
post_author,Own-Badger-4663,YouTubeCreators,"2 videos. 35 views. Did everything right. Still nothing. Is this normal?  New channel. Spent days on SEO — keyword research, optimized titles, descriptions, tags. Made proper thumbnails. 28 days later",https://www.reddit.com/r/YouTubeCreators/comments/1tr5a4e/low_view_problem/,1u/0c,new,
post_author,sachingupta313,PartneredYoutube,We have run this channel from last jan and the current result as shown in image we have posted around 140+ videos and run some youtube ads after that the channel is not growing as expected can anyone ,https://www.reddit.com/r/PartneredYoutube/comments/1u0xdrs/can_anyone_help_for_my_papa_channel/,0u/10c,new,
post_author,Competitive-Use-6611,PartneredYoutube,Are you guys also noticing a drop in impressions lately? I havnt changed my niche or the way I do content but it feels like youtube isnt feeding my videos to people despite using SEO in my description,https://www.reddit.com/r/PartneredYoutube/comments/1v5gkcu/for_long_form_content/,0u/14c,new,
post_author,angry_cake_cz,SmallYTChannel,So I recently uploaded a video on my YouTube channel after 11 months after a long break.. It completely flopped idk why.. it has only 7 impressions and 3 views. Why is it not  recommended? Is it becau,https://www.reddit.com/r/SmallYTChannel/comments/1vmnayh/is_it_normal/,3u/6c,new,
post_author,CultureStrict8040,YouTubeCreators,"I recently started a YouTube channel and uploaded my first documentary-style video. It got around 210 views and about 15 hours of watch time, which I’m happy with for a first upload.i saw vidIQ ai too",https://www.reddit.com/r/YouTubeCreators/comments/1u8x0wu/is_really_vidiq_ai_tool_helpful/,1u/1c,new,
post_author,Onemoreday1011,YouTubeCreators,I'll be honest — I didn't start this for money or fame.  I started a channel called Still Here about two weeks ago. The whole concept is simple: one free video per day for people struggling with porn ,https://www.reddit.com/r/YouTubeCreators/comments/1uq8ag5/started_a_youtube_channel_to_help_people_with/,0u/8c,new,
post_author,Expensive-Common5278,NewTubers,Hello! First time posting here!   Okay.......So I've been on YouTube for like 5 years now and I only have like 500 subs. I'm really REALLY struggling to find why my gaming content doesn't land or why ,https://www.reddit.com/r/NewTubers/comments/1vkmdzs/shall_i_start_all_over_again/,0u/3c,new,
post_author,PilotShivam,PartneredYoutube,"Everyone talks about using TubeBuddy for tags, VidIQ for SEO, SparkToro for audience research. Nobody talks about just... deeply reading your own comments.  I started treating my comment section like ",https://www.reddit.com/r/PartneredYoutube/comments/1u50e31/the_comment_section_is_the_most_underrated/,0u/2c,new,
post_author,Neat_Brain_8073,SmallYTChannel,"Hey everyone,  As a beginner YouTuber, I’ve been learning about the importance of keyword research to help my channel grow. Recently, I found a keyword with over 1.4k views but 0 competition on VidIQ.",https://www.reddit.com/r/SmallYTChannel/comments/1iry1k3/finding_over_15_keywords_tittles_with_over_14k/,1u/1c,new,
post_author,SuperSleepyYeah,SmallYTChannel,Used to get 200 impressions a day across all my videos. Now it’s like 10 a day. Does the algorithm need time to adjust? I wish I hadn’t changed the titles now haha  The algorithm is so confusing somet,https://www.reddit.com/r/SmallYTChannel/comments/1v992j5/i_changed_all_my_titles_to_be_seo_friendly_and/,1u/1c,new,
post_author,owassreal,PartneredYoutube,"I'm honestly trying to figure out if anyone else has experienced this.  I'm not a beginner. I already built a YouTube channel to around 80k subscribers, and it's currently monetized and earning. So I ",https://www.reddit.com/r/PartneredYoutube/comments/1uuev61/has_anyone_else_had_multiple_new_youtube_channels/,5u/11c,new,
post_author,Grouchy_Contact4312,NewTubers,"For the past 3 months, my channel was practically dead. I even thought I'd been shadowbanned. I was uploading a long video and a short video every three days, and nothing seemed to help. But then I re",https://www.reddit.com/r/NewTubers/comments/1vgzrgt/here_is_how_i_increased_my_ctr_for_my_almostdead/,2u/12c,new,
post_author,PitifulAction000,NewTubers,I do interview-style videos (\~200 subs) and i want to repurpose them into blog posts for SEO. but rewatching a 40-min interview and pulling quotes takes forever. i just need a rough transcript so i c,https://www.reddit.com/r/NewTubers/comments/1vf8fyo/turning_interview_videos_into_blog_posts_without/,2u/8c,new,
post_author,Brief-Specific-7787,SmallYTChannel,"I post history and engineering shorts. Channel average is around 600 to 800 views. One from two days ago is at 23.6k.  Problem is I changed two things at once.  Titles. Older ones were vague, like ""Th",https://www.reddit.com/r/SmallYTChannel/comments/1vkzg2l/one_of_my_shorts_did_30x_my_channel_average/,10u/2c,new,
post_author,picsou_reddit,YouTubeCreators,https://preview.redd.it/1w10byntfrih1.png?width=1642&format=png&auto=webp&s=252ce71dc15650c1e96a11889b12144d58b72caa  I recently uploaded 4 videos and I'm getting practically zero views. I put a ton o,https://www.reddit.com/r/YouTubeCreators/comments/1vljwi1/what_im_doing_wrong/,2u/2c,new,
post_author,onlineseo143,NewTubers,"Hey everyone, I’m pretty new to youtube and still figuring things out. At the moment I’m using serrptag to track my keyword rankings, but I’m wondering what other tools people actually recommend for k",https://www.reddit.com/r/NewTubers/comments/1uy7ciy/new_to_youtube_what_tools_are_actually_worth_using/,1u/0c,new,
post_author,akshitsethi,YouTubeCreators,"Hello Creators 👋       I’m curious as to which tool you guys rely on the most. If you had to pick just one category, which would it be?  * Keyword or topic research * Thumbnail creation/testing * Titl",https://www.reddit.com/r/YouTubeCreators/comments/1vmksrk/which_tool_matters_the_most_for_you_as_a_creator/,1u/13c,new,
commenter,CrappySometimes,,"Not just you, tons of long-form channels started to decline about two months ago. I think the main problem is that we rely way too much on suggested views. Like for most channels, it's a 50% sub rate,",https://www.reddit.com/r/PartneredYoutube/comments/1vi51fg,,new,Why is the reach SO bad on my channel?
commenter,dragonflymemento,,"So essentially creating content and viewership is a lot like the commerce economy. 

People start shopping for things they don’t “need” somewhat during August but ramp back up in September go full for",https://www.reddit.com/r/PartneredYoutube/comments/1vi51fg,,new,Why is the reach SO bad on my channel?
commenter,LeaderBriefs-com,,"It’s just the summer gang.   
You’ll see another wild dip right about now as well as kids and families shift back to school. 

The other side of that?

Routines are reset, schedules are more predictab",https://www.reddit.com/r/PartneredYoutube/comments/1vi51fg,,new,Why is the reach SO bad on my channel?
commenter,JohnStorm123,,"You should try to increase your reach using shorts. if you can, cut out small parts of your long-form videos, and link them to the full video. Not much else you can do when you already have a loyal fa",https://www.reddit.com/r/PartneredYoutube/comments/1vi51fg,,new,Why is the reach SO bad on my channel?
commenter,blue_cat614,,"I should probably mention that I'm making longform only! My views are consistent, but they're just consistently down big time right now. I don't make shorts at all because I do find them to be unrelia",https://www.reddit.com/r/PartneredYoutube/comments/1vi51fg,,new,Why is the reach SO bad on my channel?
commenter,JitteryJet,,"Is YouTube telling you to quit - no. YouTube does not even know you exist, all their stuff is automated.

From what I have seen the YouTube automated processes are buggy so it could be that. Sometime ",https://www.reddit.com/r/PartneredYoutube/comments/1vgcac6,,new,Is this YouTube's way of telling me to quit?
commenter,Fun_Lengthiness_6208,,"If you want more impressions in the shorter term, start to make scare-bait / rage-bait videos ... that's the only way to do it in 2026, these are the only videos (other than cats and dog videos) that ",https://www.reddit.com/r/PartneredYoutube/comments/1v5gkcu,,new,For long form content (impressions drop)
commenter,mredhawk,,"Youtube has a very narrow definition of my audience. If I post something negative about AI or a high-profile AI company- video pops. Nearly anything else- even staying in my niche of tech, business an",https://www.reddit.com/r/PartneredYoutube/comments/1v5gkcu,,new,For long form content (impressions drop)
commenter,Pitiful-Dig3097,,So this happened to me too I used to upload of videos daily and because of my activeness to YouTube they would always recommend my videos but then my laptop ended up breaking and so my videos started ,https://www.reddit.com/r/PartneredYoutube/comments/1vmnayh,,new,"Is it normal? (7 impressions, 3 views)"
commenter,Lanky_Diver3796,,"I have a larger channel and started a newer one a few months back that got monetized. Im not seeing the same issues but I am seeing weird things I havent seen in 6 years on the platform. 

I know thum",https://www.reddit.com/r/PartneredYoutube/comments/1uuev61,,new,Multiple new channels get almost zero impressions
commenter,Joxelo,,"Sorry to be a bit of a dick, but tbh: no. I recently started a new channel and it got 15k views on the first video, despite not even advertising it on my main. It would easily be the second biggest vi",https://www.reddit.com/r/PartneredYoutube/comments/1uuev61,,new,Multiple new channels get almost zero impressions
commenter,Any-Cookie6757,,"I am not OP but I am in same situation. I had old channel (10 yrs old) that got shadowbanned and died literally in minutes. I don't have any copyright strikes, warnings or anything, it's gaming channe",https://www.reddit.com/r/PartneredYoutube/comments/1uuev61,,new,Multiple new channels get almost zero impressions
commenter,SnortingCoffee,,"This is normal. Even setting aside the issues of mass produced AI channels, there are SO MANY MORE new YT channels every day now than there were even just a few years ago. It's impossible for all of t",https://www.reddit.com/r/PartneredYoutube/comments/1uuev61,,new,Multiple new channels get almost zero impressions
commenter,esaks,,me too. my views have been down by 30% since may. definitely some sort of algorithm change but i guess it is what it is. just gotta navigate as youtube will always be messing with their algorithm.,https://www.reddit.com/r/PartneredYoutube/comments/1vi51fg,,new,Why is the reach SO bad on my channel?
commenter,Bitter_Big4525,,"Are all the new channels being started from the same Google account/setup? If the pattern is near-zero across different niches, I'd isolate that variable before judging whether the ideas are bad.",https://www.reddit.com/r/PartneredYoutube/comments/1uuev61,,new,Multiple new channels get almost zero impressions
commenter,EvensenFM,,"It depends on the content and the channel.  Some videos are up, some are down.

This is normal for YouTube.  The only thing you can do is make better content that satisfies your target audience.",https://www.reddit.com/r/PartneredYoutube/comments/1v5gkcu,,new,For long form content (impressions drop)
commenter,Straight_Storage_378,,Same here. I have 3.5ksubs and last two months has been worst in 2yrs. Existing successful videos also not getting impressions. Channel is mainly audio equipment related without any ai,https://www.reddit.com/r/PartneredYoutube/comments/1vi51fg,,new,Why is the reach SO bad on my channel?
commenter,Dogdadstudios,,"Last month down 45% with impressions but watch time and ctr are up. Even after 2.5 years, the highs and lows are difficult to deal with",https://www.reddit.com/r/PartneredYoutube/comments/1v5gkcu,,new,For long form content (impressions drop)
commenter,wolverinex1999,,"yes, you need to think about who your core viewer is and get a better picture of that. That's my tip to try and stay afloat. Good luck.",https://www.reddit.com/r/PartneredYoutube/comments/1v5gkcu,,new,For long form content (impressions drop)
commenter,Inbox1000_aaa,,"Questions about building new channels don't belong here, regardless of your supposed long history on the platform.",https://www.reddit.com/r/PartneredYoutube/comments/1uuev61,,new,Multiple new channels get almost zero impressions
commenter,DenysDemchenko,,No it's not views and analytics - those are dead 0 obviously - because I'm getting *0 impressions*.,https://www.reddit.com/r/PartneredYoutube/comments/1vgcac6,,new,Is this YouTube's way of telling me to quit?
commenter,Remarkable_Mess6019,,I do this for my channel and it sometimes work. The sub is probably less valuable. But oh well :).,https://www.reddit.com/r/PartneredYoutube/comments/1vi51fg,,new,Why is the reach SO bad on my channel?
commenter,therealscasm,,"going through the same, impressions dropped to under 10% of what they were, no recovery yet.",https://www.reddit.com/r/PartneredYoutube/comments/1vi51fg,,new,Why is the reach SO bad on my channel?
commenter,babs82222,,It's not just summer. This has been all of 2026 for many people. Since early spring,https://www.reddit.com/r/PartneredYoutube/comments/1vi51fg,,new,Why is the reach SO bad on my channel?
commenter,HumanDoingYT,,"Did you turn on ""notify subscribers""? Because for me, that seems to tank videos..",https://www.reddit.com/r/PartneredYoutube/comments/1vmnayh,,new,"Is it normal? (7 impressions, 3 views)"
commenter,Proof-Possibility-54,,"Agree, make thumbnails by yourself, ai generated are not the best ones usually",https://www.reddit.com/r/PartneredYoutube/comments/1u0xdrs,,new,Can anyone help for my papa channel
commenter,Less-Pain-7708,,"nahh I have 2,300 dead subs but even so yt recommends my videos pretty well",https://www.reddit.com/r/PartneredYoutube/comments/1vmnayh,,new,"Is it normal? (7 impressions, 3 views)"
commenter,Demarcation_Media,,"Yes, it happens from time to time for me and I'm definitely in a slump",https://www.reddit.com/r/PartneredYoutube/comments/1v5gkcu,,new,For long form content (impressions drop)
commenter,Electrical_Whole2130,,What’s were your impressions per video before? What are they now?,https://www.reddit.com/r/PartneredYoutube/comments/1v5gkcu,,new,For long form content (impressions drop)
commenter,BreakInStory,,"Same, out of nowhere

I had 800k to 1.2mil monthly, now 350-400k",https://www.reddit.com/r/PartneredYoutube/comments/1vi51fg,,new,Why is the reach SO bad on my channel?
commenter,ionhowto,,For how long 7 days? Revenue is the same or that is zero too?,https://www.reddit.com/r/PartneredYoutube/comments/1vgcac6,,new,Is this YouTube's way of telling me to quit?
commenter,Competitive-Use-6611,,In going to have to do a deep dive on my charts again.,https://www.reddit.com/r/PartneredYoutube/comments/1v5gkcu,,new,For long form content (impressions drop)
commenter,FredZed2526,,"Get rid of the AI slop thumbnails, that's a start.",https://www.reddit.com/r/PartneredYoutube/comments/1u0xdrs,,new,Can anyone help for my papa channel
commenter,Beneficial-Sky-2353,,hmmm are we talking long form or shorts.,https://www.reddit.com/r/PartneredYoutube/comments/1vgcac6,,new,Is this YouTube's way of telling me to quit?
commenter,JazzyApple2022,,Me too. You just have to be patient.,https://www.reddit.com/r/PartneredYoutube/comments/1v5gkcu,,new,For long form content (impressions drop)
commenter,Cheap-Degree2739,,Any change since then?,https://www.reddit.com/r/PartneredYoutube/comments/1uuev61,,new,Multiple new channels get almost zero impressions
commenter,SufficientRatio2505,,Happening same to me,https://www.reddit.com/r/PartneredYoutube/comments/1vi51fg,,new,Why is the reach SO bad on my channel?
commenter,owassreal,,Weeks brother..,https://www.reddit.com/r/PartneredYoutube/comments/1uuev61,,new,Multiple new channels get almost zero impressions
commenter,rugbyspank,,Channel name?,https://www.reddit.com/r/PartneredYoutube/comments/1vgcac6,,new,Is this YouTube's way of telling me to quit?
commenter,CeltikChubs,,Geomax first,https://www.reddit.com/r/PartneredYoutube/comments/1u0xdrs,,new,Can anyone help for my papa channel
commenter,Safe-Cry-1945,,Same for me,https://www.reddit.com/r/PartneredYoutube/comments/1vi51fg,,new,Why is the reach SO bad on my channel?
commenter,Total_Dork,,Then learn,https://www.reddit.com/r/PartneredYoutube/comments/1u0xdrs,,new,Can anyone help for my papa channel
commenter,sachingupta313,,Mean ? 🙂,https://www.reddit.com/r/PartneredYoutube/comments/1u0xdrs,,new,Can anyone help for my papa channel
commenter,Spir0rion,,Ai slop,https://www.reddit.com/r/PartneredYoutube/comments/1u0xdrs,,new,Can anyone help for my papa channel
