source_page,broken_url,page_title,site_domain,linked_competitors,competitor_count,our_replacement,contact_email,subject,body
https://vidiq.com/free-youtube-tools/,vidIQ,Free YouTube Tools Used by 20M+ Creators | vidIQ,vidiq.com,vidIQ,1,https://yt-seo-architect.vercel.app/tools/tag-generator,support@vidiq.com,Free alternative to vidIQ for your vidiq.com audience,"Hi there,

I enjoyed reading your content at https://vidiq.com/free-youtube-tools/ — great work on covering vidIQ and YouTube tools in general.

I wanted to let you know about YT SEO Architect, a completely free alternative to paid tools like vidIQ. Key features:

• AI-powered title scoring and optimization
• Smart tag generation with relevance scoring
• SEO-optimized description writer
• Full YouTube channel audit
• Bulk metadata updates

The best part: it's 100% free forever. No credits, no limits, no trial period. Just useful tools for YouTube creators.

I'd love for you to check it out and consider adding it to your resource list: https://yt-seo-architect.vercel.app/tools/tag-generator

Happy to answer any questions.

Best,
[NHLAKA]
Founder, YT SEO Architect
https://yt-seo-architect.vercel.app"
