source_page,broken_url,our_replacement,subject,body
https://contentmavericks.com/best-youtube-seo-tools/,https://circle.so/,https://yt-seo-architect.vercel.app/blog,Found a broken link on your contentmavericks.com page,"Hi there,

I was reading your excellent resource at https://contentmavericks.com/best-youtube-seo-tools/ and noticed a broken link:

  Broken link: https://circle.so/

It points to a page that no longer exists. 

I've written a comprehensive guide on this topic that could be a great replacement:

  https://yt-seo-architect.vercel.app/blog

It covers [specific angle] with [data/examples/steps] that your readers would find useful.

No pressure — just wanted to flag the broken link and offer a fix.

Best,
Patrick
YT SEO Architect"
