source_page,broken_url,page_title,site_domain,resource_score,our_replacement,subject,body,contact_email
https://www.youtool.io/,Resource page (YouTool.io — Free YouTube Tools for Creators),YouTool.io — Free YouTube Tools for Creators,www.youtool.io,4,https://yt-seo-architect.vercel.app/tools,Suggestion for your www.youtool.io resource page,"Hi there,

I just came across your resource page at https://www.youtool.io/ — great collection of tools and resources for creators.

I noticed you're listing various YouTube tools, and I wanted to suggest YT SEO Architect (https://yt-seo-architect.vercel.app) as a free addition. It's a completely free platform with 17+ tools for YouTube creators:

• AI title optimizer — scores titles before you publish
• Tag generator with relevance scoring
• SEO description writer with timestamps
• Full channel metadata audit
• Bulk tag/title/description updater

The best part: it's 100% free with no limits, no credits, no paid tier. Just useful tools for any creator.

I think your audience would find it genuinely useful. The tool page is here: https://yt-seo-architect.vercel.app/tools

Happy to provide screenshots or answer any questions.

Best,
THIZA
Founder, YT SEO Architect
https://yt-seo-architect.vercel.app",
https://domoai.app/blog/best-ai-video-tools-for-youtube-content-creators,Resource page (8 Best AI Video Tools for YouTube Creators in 2026),8 Best AI Video Tools for YouTube Creators in 2026 [Free &amp; Paid],domoai.app,3,https://yt-seo-architect.vercel.app/tools,Suggestion for your domoai.app resource page,"Hi there,

I just came across your resource page at https://domoai.app/blog/best-ai-video-tools-for-youtube-content-creators — great collection of tools and resources for creators.

I noticed you're listing various YouTube tools, and I wanted to suggest YT SEO Architect (https://yt-seo-architect.vercel.app) as a free addition. It's a completely free platform with 17+ tools for YouTube creators:

• AI title optimizer — scores titles before you publish
• Tag generator with relevance scoring
• SEO description writer with timestamps
• Full channel metadata audit
• Bulk tag/title/description updater

The best part: it's 100% free with no limits, no credits, no paid tier. Just useful tools for any creator.

I think your audience would find it genuinely useful. The tool page is here: https://yt-seo-architect.vercel.app/tools

Happy to provide screenshots or answer any questions.

Best,
THIZA
Founder, YT SEO Architect
https://yt-seo-architect.vercel.app",
https://www.creatoressentials.com/posts/free-tools/,Resource page (28 Free Tools for YouTubers and Content Creators |),28 Free Tools for YouTubers and Content Creators | Creator Essentials,www.creatoressentials.com,4,https://yt-seo-architect.vercel.app/tools,Suggestion for your www.creatoressentials.com resource page,"Hi there,

I just came across your resource page at https://www.creatoressentials.com/posts/free-tools/ — great collection of tools and resources for creators.

I noticed you're listing various YouTube tools, and I wanted to suggest YT SEO Architect (https://yt-seo-architect.vercel.app) as a free addition. It's a completely free platform with 17+ tools for YouTube creators:

• AI title optimizer — scores titles before you publish
• Tag generator with relevance scoring
• SEO description writer with timestamps
• Full channel metadata audit
• Bulk tag/title/description updater

The best part: it's 100% free with no limits, no credits, no paid tier. Just useful tools for any creator.

I think your audience would find it genuinely useful. The tool page is here: https://yt-seo-architect.vercel.app/tools

Happy to provide screenshots or answer any questions.

Best,
THIZA
Founder, YT SEO Architect
https://yt-seo-architect.vercel.app",
https://www.socialpilot.co/youtube-tools,Resource page (Top 10 YouTube Tools To Grow Your Audience in 2026),Top 10 YouTube Tools To Grow Your Audience in 2026,www.socialpilot.co,7,https://yt-seo-architect.vercel.app/tools,Suggestion for your www.socialpilot.co resource page,"Hi there,

I just came across your resource page at https://www.socialpilot.co/youtube-tools — great collection of tools and resources for creators.

I noticed you're listing various YouTube tools, and I wanted to suggest YT SEO Architect (https://yt-seo-architect.vercel.app) as a free addition. It's a completely free platform with 17+ tools for YouTube creators:

• AI title optimizer — scores titles before you publish
• Tag generator with relevance scoring
• SEO description writer with timestamps
• Full channel metadata audit
• Bulk tag/title/description updater

The best part: it's 100% free with no limits, no credits, no paid tier. Just useful tools for any creator.

I think your audience would find it genuinely useful. The tool page is here: https://yt-seo-architect.vercel.app/tools

Happy to provide screenshots or answer any questions.

Best,
THIZA
Founder, YT SEO Architect
https://yt-seo-architect.vercel.app",
https://toolsgobrr.com/reads/best-tools-for-youtubers-2026,Resource page (20 Best Tools for YouTubers 2026 - Complete Guide ),20 Best Tools for YouTubers 2026 - Complete Guide | toolsgobrr,toolsgobrr.com,4,https://yt-seo-architect.vercel.app/tools,Suggestion for your toolsgobrr.com resource page,"Hi there,

I just came across your resource page at https://toolsgobrr.com/reads/best-tools-for-youtubers-2026 — great collection of tools and resources for creators.

I noticed you're listing various YouTube tools, and I wanted to suggest YT SEO Architect (https://yt-seo-architect.vercel.app) as a free addition. It's a completely free platform with 17+ tools for YouTube creators:

• AI title optimizer — scores titles before you publish
• Tag generator with relevance scoring
• SEO description writer with timestamps
• Full channel metadata audit
• Bulk tag/title/description updater

The best part: it's 100% free with no limits, no credits, no paid tier. Just useful tools for any creator.

I think your audience would find it genuinely useful. The tool page is here: https://yt-seo-architect.vercel.app/tools

Happy to provide screenshots or answer any questions.

Best,
THIZA
Founder, YT SEO Architect
https://yt-seo-architect.vercel.app",
https://nealschaffer.com/youtube-tools/,Resource page (15 Powerful YouTube Tools You Need to Grow Your Au),15 Powerful YouTube Tools You Need to Grow Your Audience,nealschaffer.com,4,https://yt-seo-architect.vercel.app/tools,Suggestion for your nealschaffer.com resource page,"Hi there,

I just came across your resource page at https://nealschaffer.com/youtube-tools/ — great collection of tools and resources for creators.

I noticed you're listing various YouTube tools, and I wanted to suggest YT SEO Architect (https://yt-seo-architect.vercel.app) as a free addition. It's a completely free platform with 17+ tools for YouTube creators:

• AI title optimizer — scores titles before you publish
• Tag generator with relevance scoring
• SEO description writer with timestamps
• Full channel metadata audit
• Bulk tag/title/description updater

The best part: it's 100% free with no limits, no credits, no paid tier. Just useful tools for any creator.

I think your audience would find it genuinely useful. The tool page is here: https://yt-seo-architect.vercel.app/tools

Happy to provide screenshots or answer any questions.

Best,
THIZA
Founder, YT SEO Architect
https://yt-seo-architect.vercel.app",neal@nealschaffer.com
https://lickd.co/25-best-youtube-content-creator-tools/,Resource page (The 25 Best YouTube Content Creator Tools - Lickd),The 25 Best YouTube Content Creator Tools - Lickd,lickd.co,2,https://yt-seo-architect.vercel.app/tools,Suggestion for your lickd.co resource page,"Hi there,

I just came across your resource page at https://lickd.co/25-best-youtube-content-creator-tools/ — great collection of tools and resources for creators.

I noticed you're listing various YouTube tools, and I wanted to suggest YT SEO Architect (https://yt-seo-architect.vercel.app) as a free addition. It's a completely free platform with 17+ tools for YouTube creators:

• AI title optimizer — scores titles before you publish
• Tag generator with relevance scoring
• SEO description writer with timestamps
• Full channel metadata audit
• Bulk tag/title/description updater

The best part: it's 100% free with no limits, no credits, no paid tier. Just useful tools for any creator.

I think your audience would find it genuinely useful. The tool page is here: https://yt-seo-architect.vercel.app/tools

Happy to provide screenshots or answer any questions.

Best,
THIZA
Founder, YT SEO Architect
https://yt-seo-architect.vercel.app",
https://mediacube.io/en-US/blog/the-best-tools-for-youtubers,Resource page (Top 35+ Must-Have Tools for YouTubers in 2026 - Me),Top 35+ Must-Have Tools for YouTubers in 2026 - Mediacube,mediacube.io,4,https://yt-seo-architect.vercel.app/tools,Suggestion for your mediacube.io resource page,"Hi there,

I just came across your resource page at https://mediacube.io/en-US/blog/the-best-tools-for-youtubers — great collection of tools and resources for creators.

I noticed you're listing various YouTube tools, and I wanted to suggest YT SEO Architect (https://yt-seo-architect.vercel.app) as a free addition. It's a completely free platform with 17+ tools for YouTube creators:

• AI title optimizer — scores titles before you publish
• Tag generator with relevance scoring
• SEO description writer with timestamps
• Full channel metadata audit
• Bulk tag/title/description updater

The best part: it's 100% free with no limits, no credits, no paid tier. Just useful tools for any creator.

I think your audience would find it genuinely useful. The tool page is here: https://yt-seo-architect.vercel.app/tools

Happy to provide screenshots or answer any questions.

Best,
THIZA
Founder, YT SEO Architect
https://yt-seo-architect.vercel.app",
