source_page,broken_url,contact_email,our_replacement,subject,body
https://www.tubebuddy.com/,https://support.tubebuddy.com/hc/en-us,,https://yt-seo-architect.vercel.app/blog,Found a broken link on your www.tubebuddy.com page,"Hi there,

I was reading your excellent resource at https://www.tubebuddy.com/ and noticed a broken link:

  Broken link: https://support.tubebuddy.com/hc/en-us

It points to a page that no longer exists. 

I've written a comprehensive guide on this topic that could be a great replacement:

  https://yt-seo-architect.vercel.app/blog

It covers [specific angle] with [data/examples/steps] that your readers would find useful.

No pressure — just wanted to flag the broken link and offer a fix.

Best,
Patrick
YT SEO Architect"
https://www.youngurbanproject.com/youtube-seo-tools/,https://joseangelostudios.com/b2b-seo/?utm_medium=ig&#038;utm_term=deleted&#038;utm_content=ad.name&#038;utm_campaign=ay,hello@youngurbanproject.com,https://yt-seo-architect.vercel.app/blog,Found a broken link on your www.youngurbanproject.com page,"Hi there,

I was reading your excellent resource at https://www.youngurbanproject.com/youtube-seo-tools/ and noticed a broken link:

  Broken link: https://joseangelostudios.com/b2b-seo/?utm_medium=ig&#038;utm_term=deleted&#038;utm_content=ad.name&#038;utm_campaign=ay

It points to a page that no longer exists. 

I've written a comprehensive guide on this topic that could be a great replacement:

  https://yt-seo-architect.vercel.app/blog

It covers [specific angle] with [data/examples/steps] that your readers would find useful.

No pressure — just wanted to flag the broken link and offer a fix.

Best,
Patrick
YT SEO Architect"
https://www.youngurbanproject.com/youtube-seo-tools/,https://www.globalmediainsight.com/blog/youtube-users-statistics/?utm_medium=ig&#038;utm_term=deleted&#038;utm_content=ad.name&#038;utm_campaign=ay,hello@youngurbanproject.com,https://yt-seo-architect.vercel.app/blog,Found a broken link on your www.youngurbanproject.com page,"Hi there,

I was reading your excellent resource at https://www.youngurbanproject.com/youtube-seo-tools/ and noticed a broken link:

  Broken link: https://www.globalmediainsight.com/blog/youtube-users-statistics/?utm_medium=ig&#038;utm_term=deleted&#038;utm_content=ad.name&#038;utm_campaign=ay

It points to a page that no longer exists. 

I've written a comprehensive guide on this topic that could be a great replacement:

  https://yt-seo-architect.vercel.app/blog

It covers [specific angle] with [data/examples/steps] that your readers would find useful.

No pressure — just wanted to flag the broken link and offer a fix.

Best,
Patrick
YT SEO Architect"
https://contentmavericks.com/best-youtube-seo-tools/,https://circle.so/,support@contentmavericks.com,https://yt-seo-architect.vercel.app/blog,Found a broken link on your contentmavericks.com page,"Hi there,

I was reading your excellent resource at https://contentmavericks.com/best-youtube-seo-tools/ and noticed a broken link:

  Broken link: https://circle.so/

It points to a page that no longer exists. 

I've written a comprehensive guide on this topic that could be a great replacement:

  https://yt-seo-architect.vercel.app/blog

It covers [specific angle] with [data/examples/steps] that your readers would find useful.

No pressure — just wanted to flag the broken link and offer a fix.

Best,
Patrick
YT SEO Architect"
