source_page,broken_url,page_title,site_domain,pitch_title,our_replacement,subject,body,contact_email
https://neilpatel.com/blog/guest-post/,Guest post pitch (10 Free YouTube SEO Tools That Actually Work in 20),How to Get Featured on Forbes - Neil Patel,neilpatel.com,10 Free YouTube SEO Tools That Actually Work in 2026,https://yt-seo-architect.vercel.app,Guest post idea for neilpatel.com: 10 Free YouTube SEO Tools That Actually Work in 2026,"Hi there,

I'm a regular reader of How to Get Featured on Forbes - Neil Patel and I've noticed your content around YouTube and content creation — great stuff!

I'd love to contribute a guest post that I think your audience would find valuable:

**10 Free YouTube SEO Tools That Actually Work in 2026**

A comprehensive roundup of free tools with real testing data

As the founder of YT SEO Architect (https://yt-seo-architect.vercel.app), a free YouTube SEO toolkit used by thousands of creators, I've gathered unique data and insights on how YouTube metadata affects search rankings and discoverability.

The article would include:
• Original data from our platform's analysis of 100K+ videos
• Actionable tips that readers can implement immediately
• Screenshots and examples from real YouTube channels
• A no-nonsense approach (no fluff, just what works)

If this sounds interesting, I'm happy to tailor it to your audience and editorial style. I can also suggest alternative topics if this doesn't fit.

Best,
THIZA
Founder, YT SEO Architect
https://yt-seo-architect.vercel.app

PS: I've written for other publications in the space and can share writing samples if helpful.",neil@advanced.npdigital.com
https://coschedule.com/blog/write-for-us,Guest post pitch (The Complete Guide to YouTube Metadata Optimizatio),Write For The CoSchedule Marketing Blog &amp; Content Hubs,coschedule.com,The Complete Guide to YouTube Metadata Optimization,https://yt-seo-architect.vercel.app,Guest post idea for coschedule.com: The Complete Guide to YouTube Metadata Optimization,"Hi there,

I'm a regular reader of Write For The CoSchedule Marketing Blog &amp; Content Hubs and I've noticed your content around YouTube and content creation — great stuff!

I'd love to contribute a guest post that I think your audience would find valuable:

**The Complete Guide to YouTube Metadata Optimization**

Step-by-step guide covering titles, tags, descriptions, thumbnails

As the founder of YT SEO Architect (https://yt-seo-architect.vercel.app), a free YouTube SEO toolkit used by thousands of creators, I've gathered unique data and insights on how YouTube metadata affects search rankings and discoverability.

The article would include:
• Original data from our platform's analysis of 100K+ videos
• Actionable tips that readers can implement immediately
• Screenshots and examples from real YouTube channels
• A no-nonsense approach (no fluff, just what works)

If this sounds interesting, I'm happy to tailor it to your audience and editorial style. I can also suggest alternative topics if this doesn't fit.

Best,
THIZA
Founder, YT SEO Architect
https://yt-seo-architect.vercel.app

PS: I've written for other publications in the space and can share writing samples if helpful.",
https://searchenginejournal.com/write-for-us/,Guest post pitch (How to Rank Your YouTube Videos in 2026: A Data-Dr),Contact Search Engine Journal,searchenginejournal.com,How to Rank Your YouTube Videos in 2026: A Data-Driven Approach,https://yt-seo-architect.vercel.app,Guest post idea for searchenginejournal.com: How to Rank Your YouTube Videos in 2026: A Data-Driven Approach,"Hi there,

I'm a regular reader of Contact Search Engine Journal and I've noticed your content around YouTube and content creation — great stuff!

I'd love to contribute a guest post that I think your audience would find valuable:

**How to Rank Your YouTube Videos in 2026: A Data-Driven Approach**

SEO strategies backed by analysis of 100K+ videos

As the founder of YT SEO Architect (https://yt-seo-architect.vercel.app), a free YouTube SEO toolkit used by thousands of creators, I've gathered unique data and insights on how YouTube metadata affects search rankings and discoverability.

The article would include:
• Original data from our platform's analysis of 100K+ videos
• Actionable tips that readers can implement immediately
• Screenshots and examples from real YouTube channels
• A no-nonsense approach (no fluff, just what works)

If this sounds interesting, I'm happy to tailor it to your audience and editorial style. I can also suggest alternative topics if this doesn't fit.

Best,
THIZA
Founder, YT SEO Architect
https://yt-seo-architect.vercel.app

PS: I've written for other publications in the space and can share writing samples if helpful.",ce1a6e4081594e5e6d533e8e4fc66a0c@o4510320006397952.ingest.us.sentry.io
https://www.wordstream.com/guest-posting,Guest post pitch (YouTube SEO vs Traditional SEO: What Creators Need),Guest Posting Guidelines for the WordStream Blog,www.wordstream.com,YouTube SEO vs Traditional SEO: What Creators Need to Know,https://yt-seo-architect.vercel.app,Guest post idea for www.wordstream.com: YouTube SEO vs Traditional SEO: What Creators Need to Know,"Hi there,

I'm a regular reader of Guest Posting Guidelines for the WordStream Blog and I've noticed your content around YouTube and content creation — great stuff!

I'd love to contribute a guest post that I think your audience would find valuable:

**YouTube SEO vs Traditional SEO: What Creators Need to Know**

Comparison of ranking factors and optimization strategies

As the founder of YT SEO Architect (https://yt-seo-architect.vercel.app), a free YouTube SEO toolkit used by thousands of creators, I've gathered unique data and insights on how YouTube metadata affects search rankings and discoverability.

The article would include:
• Original data from our platform's analysis of 100K+ videos
• Actionable tips that readers can implement immediately
• Screenshots and examples from real YouTube channels
• A no-nonsense approach (no fluff, just what works)

If this sounds interesting, I'm happy to tailor it to your audience and editorial style. I can also suggest alternative topics if this doesn't fit.

Best,
THIZA
Founder, YT SEO Architect
https://yt-seo-architect.vercel.app

PS: I've written for other publications in the space and can share writing samples if helpful.",
