source_page,broken_url,page_title,site_domain,our_replacement,subject,body,contact_email
https://backlinko.com/link-building,Link swap (backlinko.com),Link Building for SEO: Proven Strategies That Still Work,backlinko.com,https://yt-seo-architect.vercel.app/tools,Link partnership suggestion: backlinko.com × YT SEO Architect,"Hi there,

I'm the founder of YT SEO Architect (https://yt-seo-architect.vercel.app), a free YouTube SEO toolkit that helps creators optimize their videos for search.

I came across your site at Link Building for SEO: Proven Strategies That Still Work and I think there's a great opportunity for mutual growth through a link partnership.

Here's what I'm proposing:

**What we can offer:**
• A contextual link from our tools/resources page (DR-building, relevant audience)
• A mention in our upcoming blog post about ""Essential YouTube Tools""
• Social media shoutout to our audience of 5K+ creators

**What we're looking for:**
• A link from your resource/recommendations page
• Or a mention in a relevant blog post
• Or inclusion in a ""tools I use"" page

Totally understand if this isn't your thing — no pressure at all. If you're interested, I can send over some specific text suggestions and we can find the best approach that works for both of us.

Best,
THIZA
Founder, YT SEO Architect
https://yt-seo-architect.vercel.app",
https://ahrefs.com/blog/link-building/,Link swap (ahrefs.com),Link Building for SEO: The Beginner’s Guide,ahrefs.com,https://yt-seo-architect.vercel.app/tools,Link partnership suggestion: ahrefs.com × YT SEO Architect,"Hi there,

I'm the founder of YT SEO Architect (https://yt-seo-architect.vercel.app), a free YouTube SEO toolkit that helps creators optimize their videos for search.

I came across your site at Link Building for SEO: The Beginner’s Guide and I think there's a great opportunity for mutual growth through a link partnership.

Here's what I'm proposing:

**What we can offer:**
• A contextual link from our tools/resources page (DR-building, relevant audience)
• A mention in our upcoming blog post about ""Essential YouTube Tools""
• Social media shoutout to our audience of 5K+ creators

**What we're looking for:**
• A link from your resource/recommendations page
• Or a mention in a relevant blog post
• Or inclusion in a ""tools I use"" page

Totally understand if this isn't your thing — no pressure at all. If you're interested, I can send over some specific text suggestions and we can find the best approach that works for both of us.

Best,
THIZA
Founder, YT SEO Architect
https://yt-seo-architect.vercel.app",
https://neilpatel.com/blog/link-building-strategies/,Link swap (neilpatel.com),18 Link Building Strategies (Templates Included) - Neil Patel,neilpatel.com,https://yt-seo-architect.vercel.app/tools,Link partnership suggestion: neilpatel.com × YT SEO Architect,"Hi there,

I'm the founder of YT SEO Architect (https://yt-seo-architect.vercel.app), a free YouTube SEO toolkit that helps creators optimize their videos for search.

I came across your site at 18 Link Building Strategies (Templates Included) - Neil Pate and I think there's a great opportunity for mutual growth through a link partnership.

Here's what I'm proposing:

**What we can offer:**
• A contextual link from our tools/resources page (DR-building, relevant audience)
• A mention in our upcoming blog post about ""Essential YouTube Tools""
• Social media shoutout to our audience of 5K+ creators

**What we're looking for:**
• A link from your resource/recommendations page
• Or a mention in a relevant blog post
• Or inclusion in a ""tools I use"" page

Totally understand if this isn't your thing — no pressure at all. If you're interested, I can send over some specific text suggestions and we can find the best approach that works for both of us.

Best,
THIZA
Founder, YT SEO Architect
https://yt-seo-architect.vercel.app",neil@advanced.npdigital.com
https://www.searchenginejournal.com/link-building/,Link swap (www.searchenginejournal.com),Link Building for SEO: A Complete Guide,www.searchenginejournal.com,https://yt-seo-architect.vercel.app/tools,Link partnership suggestion: www.searchenginejournal.com × YT SEO Architect,"Hi there,

I'm the founder of YT SEO Architect (https://yt-seo-architect.vercel.app), a free YouTube SEO toolkit that helps creators optimize their videos for search.

I came across your site at Link Building for SEO: A Complete Guide and I think there's a great opportunity for mutual growth through a link partnership.

Here's what I'm proposing:

**What we can offer:**
• A contextual link from our tools/resources page (DR-building, relevant audience)
• A mention in our upcoming blog post about ""Essential YouTube Tools""
• Social media shoutout to our audience of 5K+ creators

**What we're looking for:**
• A link from your resource/recommendations page
• Or a mention in a relevant blog post
• Or inclusion in a ""tools I use"" page

Totally understand if this isn't your thing — no pressure at all. If you're interested, I can send over some specific text suggestions and we can find the best approach that works for both of us.

Best,
THIZA
Founder, YT SEO Architect
https://yt-seo-architect.vercel.app",ce1a6e4081594e5e6d533e8e4fc66a0c@o4510320006397952.ingest.us.sentry.io
https://www.semrush.com/blog/link-building/,Link swap (www.semrush.com),Link building for SEO: What works in 2026,www.semrush.com,https://yt-seo-architect.vercel.app/tools,Link partnership suggestion: www.semrush.com × YT SEO Architect,"Hi there,

I'm the founder of YT SEO Architect (https://yt-seo-architect.vercel.app), a free YouTube SEO toolkit that helps creators optimize their videos for search.

I came across your site at Link building for SEO: What works in 2026 and I think there's a great opportunity for mutual growth through a link partnership.

Here's what I'm proposing:

**What we can offer:**
• A contextual link from our tools/resources page (DR-building, relevant audience)
• A mention in our upcoming blog post about ""Essential YouTube Tools""
• Social media shoutout to our audience of 5K+ creators

**What we're looking for:**
• A link from your resource/recommendations page
• Or a mention in a relevant blog post
• Or inclusion in a ""tools I use"" page

Totally understand if this isn't your thing — no pressure at all. If you're interested, I can send over some specific text suggestions and we can find the best approach that works for both of us.

Best,
THIZA
Founder, YT SEO Architect
https://yt-seo-architect.vercel.app",
https://www.wordstream.com/link-building,Link swap (www.wordstream.com),Learn the Basics of Quality Link Building for SEO,www.wordstream.com,https://yt-seo-architect.vercel.app/tools,Link partnership suggestion: www.wordstream.com × YT SEO Architect,"Hi there,

I'm the founder of YT SEO Architect (https://yt-seo-architect.vercel.app), a free YouTube SEO toolkit that helps creators optimize their videos for search.

I came across your site at Learn the Basics of Quality Link Building for SEO and I think there's a great opportunity for mutual growth through a link partnership.

Here's what I'm proposing:

**What we can offer:**
• A contextual link from our tools/resources page (DR-building, relevant audience)
• A mention in our upcoming blog post about ""Essential YouTube Tools""
• Social media shoutout to our audience of 5K+ creators

**What we're looking for:**
• A link from your resource/recommendations page
• Or a mention in a relevant blog post
• Or inclusion in a ""tools I use"" page

Totally understand if this isn't your thing — no pressure at all. If you're interested, I can send over some specific text suggestions and we can find the best approach that works for both of us.

Best,
THIZA
Founder, YT SEO Architect
https://yt-seo-architect.vercel.app",
